match_id,date,team,opponent,side,goals,conceded,possession,shots,sot,passes,pass_acc,big_chances,big_missed,saves,fouls,duels_won,xg
4813374,2025-08-15,Liverpool,AFC Bournemouth,home,4,2,61,19,12,537,80,3,2,4,7,57,2.06
4813374,2025-08-15,AFC Bournemouth,Liverpool,away,2,4,39,10,6,341,67,3,2,8,10,43,1.54
4813375,2025-08-16,Aston Villa,Newcastle United,home,0,0,41,3,3,343,71,1,1,10,13,45,0.32
4813375,2025-08-16,Newcastle United,Aston Villa,away,0,0,59,16,10,498,81,2,2,3,11,55,1.24
4813376,2025-08-16,Brighton & Hove Albion,Fulham,home,1,1,49,10,5,451,86,2,1,2,16,55,1.4
4813376,2025-08-16,Fulham,Brighton & Hove Albion,away,1,1,51,7,3,464,81,1,0,4,15,45,0.57
4813378,2025-08-16,Sunderland,West Ham United,home,3,0,38,10,6,360,74,2,2,10,8,41,0.81
4813378,2025-08-16,West Ham United,Sunderland,away,0,3,62,12,10,600,83,0,0,3,10,59,0.49
4813379,2025-08-16,Tottenham Hotspur,Burnley,home,3,0,67,16,7,559,85,2,1,6,14,58,1.43
4813379,2025-08-16,Burnley,Tottenham Hotspur,away,0,3,33,14,7,278,71,0,0,4,8,42,0.73
4813380,2025-08-16,Wolverhampton Wanderers,Manchester City,home,0,4,42,9,6,441,80,0,0,4,13,44,0.52
4813380,2025-08-16,Manchester City,Wolverhampton Wanderers,away,4,0,58,15,8,603,89,3,2,6,7,56,1.94
4813377,2025-08-17,Nottingham Forest,Brentford,home,3,1,54,11,7,464,78,4,2,5,7,53,1.39
4813377,2025-08-17,Brentford,Nottingham Forest,away,1,3,46,10,6,392,76,1,0,4,15,47,1.3
4813381,2025-08-17,Chelsea,Crystal Palace,home,0,0,71,19,12,620,87,2,2,9,10,51,1.5
4813381,2025-08-17,Crystal Palace,Chelsea,away,0,0,29,11,8,257,72,1,1,12,12,49,0.67
4813382,2025-08-17,Manchester United,Arsenal,home,0,1,61,22,15,513,81,0,0,5,10,53,1.3
4813382,2025-08-17,Arsenal,Manchester United,away,1,0,39,9,6,329,73,1,0,15,19,47,1.24
4813383,2025-08-18,Leeds United,Everton,home,1,0,54,21,14,533,80,3,2,4,6,45,2.09
4813383,2025-08-18,Everton,Leeds United,away,0,1,46,7,4,448,78,1,1,12,8,55,0.51
4813394,2025-08-22,West Ham United,Chelsea,home,1,5,42,12,7,436,85,1,1,3,7,44,0.82
4813394,2025-08-22,Chelsea,West Ham United,away,5,1,58,12,8,611,86,7,2,6,10,56,3.26
4813392,2025-08-23,Manchester City,Tottenham Hotspur,home,0,2,61,10,7,572,85,2,2,5,7,48,1.19
4813392,2025-08-23,Tottenham Hotspur,Manchester City,away,2,0,39,12,7,366,77,3,1,7,12,52,1.39
4813385,2025-08-23,AFC Bournemouth,Wolverhampton Wanderers,home,1,0,59,14,9,494,82,2,2,3,13,37,1.72
4813385,2025-08-23,Wolverhampton Wanderers,AFC Bournemouth,away,0,1,41,6,3,347,72,0,0,8,16,63,0.36
4813387,2025-08-23,Brentford,Aston Villa,home,1,0,24,9,5,204,68,2,1,10,11,51,1.29
4813387,2025-08-23,Aston Villa,Brentford,away,0,1,76,17,10,642,84,1,1,4,9,49,1.15
4813388,2025-08-23,Burnley,Sunderland,home,2,0,42,7,3,475,79,2,1,6,9,50,0.76
4813388,2025-08-23,Sunderland,Burnley,away,0,2,58,9,6,663,84,2,2,1,5,50,0.99
4813386,2025-08-23,Arsenal,Leeds United,home,5,0,67,18,9,647,90,3,1,3,8,62,2.42
4813386,2025-08-23,Leeds United,Arsenal,away,0,5,33,3,3,312,75,0,0,3,11,38,0.11
4813389,2025-08-24,Crystal Palace,Nottingham Forest,home,1,1,42,8,4,411,75,2,1,1,11,49,0.83
4813389,2025-08-24,Nottingham Forest,Crystal Palace,away,1,1,58,9,2,562,82,2,1,3,11,51,1.02
4813390,2025-08-24,Everton,Brighton & Hove Albion,home,2,0,42,11,4,395,74,2,1,7,7,60,1.5
4813390,2025-08-24,Brighton & Hove Albion,Everton,away,0,2,58,13,8,537,84,3,3,2,15,40,2.09
4813391,2025-08-24,Fulham,Manchester United,home,1,1,52,14,10,477,81,3,2,4,12,45,1.39
4813391,2025-08-24,Manchester United,Fulham,away,1,1,48,10,4,432,81,2,2,7,10,55,1.51
4813393,2025-08-25,Newcastle United,Liverpool,home,2,3,38,10,6,298,65,4,2,2,17,49,1.57
4813393,2025-08-25,Liverpool,Newcastle United,away,3,2,62,5,5,477,82,1,0,4,15,51,0.59
4813397,2025-08-30,Chelsea,Fulham,home,2,0,54,13,12,528,86,3,1,4,11,55,1.99
4813397,2025-08-30,Fulham,Chelsea,away,0,2,46,11,5,458,81,1,1,10,17,45,1.03
4813400,2025-08-30,Manchester United,Burnley,home,3,2,62,26,13,557,81,4,2,3,9,48,3.17
4813400,2025-08-30,Burnley,Manchester United,away,2,3,38,7,6,345,69,2,0,11,9,52,1.26
4813402,2025-08-30,Sunderland,Brentford,home,2,1,54,12,6,460,78,2,0,4,11,53,1.57
4813402,2025-08-30,Brentford,Sunderland,away,1,2,46,7,5,388,77,2,1,4,12,47,1.3
4813403,2025-08-30,Tottenham Hotspur,AFC Bournemouth,home,0,1,61,5,2,529,80,0,0,10,17,49,0.17
4813403,2025-08-30,AFC Bournemouth,Tottenham Hotspur,away,1,0,39,20,11,332,67,3,3,2,13,51,1.53
4813404,2025-08-30,Wolverhampton Wanderers,Everton,home,2,3,58,12,9,574,80,2,0,5,15,39,1.2
4813404,2025-08-30,Everton,Wolverhampton Wanderers,away,3,2,42,10,8,409,73,3,1,7,10,61,1.76
4813398,2025-08-30,Leeds United,Newcastle United,home,0,0,43,10,4,452,77,1,1,5,10,57,0.66
4813398,2025-08-30,Newcastle United,Leeds United,away,0,0,57,8,5,603,83,0,0,4,15,43,0.32
4813396,2025-08-31,Brighton & Hove Albion,Manchester City,home,2,1,37,12,10,339,74,3,1,3,16,46,2.21
4813396,2025-08-31,Manchester City,Brighton & Hove Albion,away,1,2,63,12,4,589,87,3,2,7,14,54,1.78
4813401,2025-08-31,Nottingham Forest,West Ham United,home,0,3,58,11,8,596,82,1,1,5,14,54,0.6
4813401,2025-08-31,West Ham United,Nottingham Forest,away,3,0,42,12,8,425,81,4,2,8,6,46,2.27
4813399,2025-08-31,Liverpool,Arsenal,home,1,0,53,9,7,464,83,0,0,8,7,60,0.51
4813399,2025-08-31,Arsenal,Liverpool,away,0,1,47,11,8,411,80,0,0,6,10,40,0.49
4813395,2025-08-31,Aston Villa,Crystal Palace,home,0,3,59,13,5,586,86,2,2,2,7,37,1.09
4813395,2025-08-31,Crystal Palace,Aston Villa,away,3,0,41,6,5,412,83,4,2,5,14,63,2.46
4813406,2025-09-13,Arsenal,Nottingham Forest,home,3,0,53,16,10,515,84,4,3,4,8,60,2.15
4813406,2025-09-13,Nottingham Forest,Arsenal,away,0,3,47,5,4,448,83,0,0,7,11,40,0.29
4813405,2025-09-13,AFC Bournemouth,Brighton & Hove Albion,home,2,1,51,13,9,433,76,1,0,3,16,51,1.44
4813405,2025-09-13,Brighton & Hove Albion,AFC Bournemouth,away,1,2,49,6,4,415,76,2,1,7,10,49,0.53
4813409,2025-09-13,Crystal Palace,Sunderland,home,0,0,56,14,10,539,81,3,3,2,10,35,1.59
4813409,2025-09-13,Sunderland,Crystal Palace,away,0,0,44,6,2,428,78,0,0,10,8,65,0.28
4813410,2025-09-13,Everton,Aston Villa,home,0,0,49,20,11,389,79,3,3,6,17,59,1.93
4813410,2025-09-13,Aston Villa,Everton,away,0,0,51,7,6,409,80,0,0,11,15,41,0.27
4813411,2025-09-13,Fulham,Leeds United,home,1,0,54,5,3,503,81,2,2,7,20,52,1.0
4813411,2025-09-13,Leeds United,Fulham,away,0,1,46,11,8,423,78,1,1,3,15,48,0.77
4813413,2025-09-13,Newcastle United,Wolverhampton Wanderers,home,1,0,57,16,9,508,79,1,1,5,10,52,1.16
4813413,2025-09-13,Wolverhampton Wanderers,Newcastle United,away,0,1,43,8,5,384,74,0,0,8,17,48,0.28
4813414,2025-09-13,West Ham United,Tottenham Hotspur,home,0,3,37,7,4,340,77,1,1,7,8,51,0.58
4813414,2025-09-13,Tottenham Hotspur,West Ham United,away,3,0,63,14,10,591,83,2,1,4,7,49,1.11
4813407,2025-09-13,Brentford,Chelsea,home,2,2,35,7,5,324,73,1,0,11,13,51,1.05
4813407,2025-09-13,Chelsea,Brentford,away,2,2,65,16,13,613,89,2,1,4,9,49,1.44
4813408,2025-09-14,Burnley,Liverpool,home,0,1,20,3,0,186,47,0,0,16,9,39,0.13
4813408,2025-09-14,Liverpool,Burnley,away,1,0,80,27,16,765,84,3,2,0,9,61,2.79
4813412,2025-09-14,Manchester City,Manchester United,home,3,0,46,13,6,461,82,4,2,4,8,50,2.18
4813412,2025-09-14,Manchester United,Manchester City,away,0,3,54,12,4,547,81,2,2,3,8,50,1.08
4813420,2025-09-20,Liverpool,Everton,home,2,1,57,11,8,515,84,1,0,4,11,47,0.8
4813420,2025-09-20,Everton,Liverpool,away,1,2,43,9,5,391,73,0,0,6,10,53,0.42
4813417,2025-09-20,Brighton & Hove Albion,Tottenham Hotspur,home,2,2,36,13,6,329,76,1,0,4,10,51,0.7
4813417,2025-09-20,Tottenham Hotspur,Brighton & Hove Albion,away,2,2,64,11,5,580,84,1,0,3,13,49,1.15
4813418,2025-09-20,Burnley,Nottingham Forest,home,1,1,37,12,8,400,74,2,1,14,12,63,0.9
4813418,2025-09-20,Nottingham Forest,Burnley,away,1,1,63,17,15,681,87,2,2,7,11,37,1.33
4813423,2025-09-20,West Ham United,Crystal Palace,home,1,2,57,8,4,497,82,1,1,7,15,44,0.62
4813423,2025-09-20,Crystal Palace,West Ham United,away,2,1,43,18,9,379,80,4,2,3,5,56,2.37
4813424,2025-09-20,Wolverhampton Wanderers,Leeds United,home,1,3,56,16,10,572,81,1,0,1,11,57,1.17
4813424,2025-09-20,Leeds United,Wolverhampton Wanderers,away,3,1,44,6,4,445,84,1,0,8,9,43,0.49
4813421,2025-09-20,Manchester United,Chelsea,home,2,1,42,11,8,420,76,3,1,2,13,46,1.52
4813421,2025-09-20,Chelsea,Manchester United,away,1,2,58,5,3,586,83,1,0,5,14,54,0.47
4813419,2025-09-20,Fulham,Brentford,home,3,1,52,14,9,491,83,3,1,5,11,62,1.38
4813419,2025-09-20,Brentford,Fulham,away,1,3,48,9,7,445,77,1,0,7,13,38,0.73
4813415,2025-09-21,AFC Bournemouth,Newcastle United,home,0,0,55,11,8,544,79,0,0,1,7,45,0.53
4813415,2025-09-21,Newcastle United,AFC Bournemouth,away,0,0,45,4,2,438,72,0,0,7,10,55,0.16
4813422,2025-09-21,Sunderland,Aston Villa,home,1,1,29,14,8,247,66,1,0,7,14,58,0.93
4813422,2025-09-21,Aston Villa,Sunderland,away,1,1,71,12,8,596,86,1,1,7,8,42,0.95
4813416,2025-09-21,Arsenal,Manchester City,home,1,1,66,12,6,635,85,2,1,2,11,49,0.93
4813416,2025-09-21,Manchester City,Arsenal,away,1,1,34,5,3,330,74,2,1,4,10,51,0.85
4813426,2025-09-27,Brentford,Manchester United,home,3,1,45,10,9,399,75,6,4,9,14,55,2.52
4813426,2025-09-27,Manchester United,Brentford,away,1,3,55,14,10,493,78,4,3,6,10,45,2.76
4813427,2025-09-27,Chelsea,Brighton & Hove Albion,home,1,3,59,13,9,511,83,2,1,2,9,47,1.71
4813427,2025-09-27,Brighton & Hove Albion,Chelsea,away,3,1,41,12,5,353,82,4,1,8,16,53,1.83
4813428,2025-09-27,Crystal Palace,Liverpool,home,2,1,29,16,9,302,65,7,5,7,10,50,2.87
4813428,2025-09-27,Liverpool,Crystal Palace,away,1,2,71,20,9,740,87,6,5,6,8,50,2.53
4813430,2025-09-27,Leeds United,AFC Bournemouth,home,2,2,41,19,14,394,77,3,3,6,12,51,1.68
4813430,2025-09-27,AFC Bournemouth,Leeds United,away,2,2,59,12,8,565,83,1,0,12,13,49,0.95
4813431,2025-09-27,Manchester City,Burnley,home,5,1,68,21,14,685,87,5,2,6,5,56,2.67
4813431,2025-09-27,Burnley,Manchester City,away,1,5,32,11,9,319,80,0,0,11,7,44,0.51
4813433,2025-09-27,Nottingham Forest,Sunderland,home,0,1,65,22,12,646,86,1,1,5,11,55,1.36
4813433,2025-09-27,Sunderland,Nottingham Forest,away,1,0,35,11,6,354,77,3,2,13,6,45,1.54
4813434,2025-09-27,Tottenham Hotspur,Wolverhampton Wanderers,home,1,1,51,10,5,459,78,1,1,3,9,52,0.65
4813434,2025-09-27,Wolverhampton Wanderers,Tottenham Hotspur,away,1,1,49,9,4,438,80,1,0,4,11,48,1.01
4813425,2025-09-28,Aston Villa,Fulham,home,3,1,48,9,6,429,83,3,1,7,10,44,1.35
4813425,2025-09-28,Fulham,Aston Villa,away,1,3,52,11,7,466,82,1,1,3,13,56,0.84
4813432,2025-09-28,Newcastle United,Arsenal,home,1,2,37,8,7,323,66,1,0,11,8,49,0.7
4813432,2025-09-28,Arsenal,Newcastle United,away,2,1,63,20,13,543,80,4,3,5,9,51,2.04
4813429,2025-09-29,Everton,West Ham United,home,1,1,52,12,9,492,81,0,0,7,7,48,0.55
4813429,2025-09-29,West Ham United,Everton,away,1,1,48,14,9,463,78,1,1,8,16,52,0.96
4813435,2025-10-03,AFC Bournemouth,Fulham,home,3,1,54,11,9,595,82,1,0,7,8,54,0.88
4813435,2025-10-03,Fulham,AFC Bournemouth,away,1,3,46,12,8,511,79,1,0,6,10,46,0.87
4813441,2025-10-04,Leeds United,Tottenham Hotspur,home,1,2,56,16,6,517,82,3,2,3,10,49,1.71
4813441,2025-10-04,Tottenham Hotspur,Leeds United,away,2,1,44,9,5,401,79,1,1,5,12,51,0.72
4813436,2025-10-04,Arsenal,West Ham United,home,2,0,67,21,14,610,85,3,1,1,14,58,2.83
4813436,2025-10-04,West Ham United,Arsenal,away,0,2,33,4,1,299,77,2,2,12,14,42,0.78
4813442,2025-10-04,Manchester United,Sunderland,home,2,0,50,15,8,480,77,2,1,4,10,44,1.53
4813442,2025-10-04,Sunderland,Manchester United,away,0,2,50,8,4,473,77,2,2,6,12,56,0.74
4813439,2025-10-04,Chelsea,Liverpool,home,2,1,53,12,8,553,81,2,1,6,9,55,1.1
4813439,2025-10-04,Liverpool,Chelsea,away,1,2,47,12,7,495,82,4,3,6,8,45,2.05
4813437,2025-10-05,Aston Villa,Burnley,home,2,1,54,15,10,519,87,2,1,3,9,65,1.2
4813437,2025-10-05,Burnley,Aston Villa,away,1,2,46,5,4,435,80,1,0,8,15,35,0.53
4813440,2025-10-05,Everton,Crystal Palace,home,2,1,51,14,9,486,79,4,2,10,13,48,2.47
4813440,2025-10-05,Crystal Palace,Everton,away,1,2,49,15,11,472,79,5,4,7,16,52,2.26
4813443,2025-10-05,Newcastle United,Nottingham Forest,home,2,0,52,18,14,522,80,6,5,4,16,46,3.23
4813443,2025-10-05,Nottingham Forest,Newcastle United,away,0,2,48,5,4,488,81,0,0,12,15,54,0.23
4813444,2025-10-05,Wolverhampton Wanderers,Brighton & Hove Albion,home,1,1,42,6,3,391,76,1,1,9,13,54,0.62
4813444,2025-10-05,Brighton & Hove Albion,Wolverhampton Wanderers,away,1,1,58,18,12,551,84,2,2,3,9,46,1.18
4813438,2025-10-05,Brentford,Manchester City,home,0,1,31,6,3,350,76,1,1,6,10,35,0.57
4813438,2025-10-05,Manchester City,Brentford,away,1,0,69,10,8,795,90,2,1,3,6,65,0.94
4813451,2025-10-18,Nottingham Forest,Chelsea,home,0,3,50,12,4,494,80,4,4,8,13,41,1.81
4813451,2025-10-18,Chelsea,Nottingham Forest,away,3,0,50,17,11,490,85,4,2,4,16,59,1.93
4813445,2025-10-18,Brighton & Hove Albion,Newcastle United,home,2,1,45,13,10,457,79,1,0,7,9,53,1.01
4813445,2025-10-18,Newcastle United,Brighton & Hove Albion,away,1,2,55,16,8,551,83,1,1,8,9,47,1.21
4813446,2025-10-18,Burnley,Leeds United,home,2,0,32,4,3,321,74,1,0,7,10,42,0.43
4813446,2025-10-18,Leeds United,Burnley,away,0,2,68,19,7,691,82,4,4,1,7,58,2.05
4813447,2025-10-18,Crystal Palace,AFC Bournemouth,home,3,3,52,20,14,441,74,7,4,2,8,59,3.77
4813447,2025-10-18,AFC Bournemouth,Crystal Palace,away,3,3,48,8,5,400,75,3,0,10,16,41,2.23
4813450,2025-10-18,Manchester City,Everton,home,2,0,71,19,14,794,90,6,5,3,8,55,2.46
4813450,2025-10-18,Everton,Manchester City,away,0,2,29,5,3,325,76,1,1,12,14,45,0.66
4813452,2025-10-18,Sunderland,Wolverhampton Wanderers,home,2,0,41,8,5,370,70,2,1,7,5,45,0.72
4813452,2025-10-18,Wolverhampton Wanderers,Sunderland,away,0,2,59,17,9,529,81,0,0,4,12,55,0.74
4813448,2025-10-18,Fulham,Arsenal,home,0,1,38,9,3,354,75,0,0,8,11,42,0.42
4813448,2025-10-18,Arsenal,Fulham,away,1,0,62,16,9,590,84,3,2,2,4,58,1.85
4813453,2025-10-19,Tottenham Hotspur,Aston Villa,home,1,2,53,10,5,432,83,2,1,2,11,47,1.11
4813453,2025-10-19,Aston Villa,Tottenham Hotspur,away,2,1,47,8,4,389,80,0,0,3,7,53,0.35
4813449,2025-10-19,Liverpool,Manchester United,home,1,2,64,19,8,565,80,5,4,5,8,51,2.51
4813449,2025-10-19,Manchester United,Liverpool,away,2,1,36,12,7,324,67,5,3,7,14,49,1.89
4813454,2025-10-20,West Ham United,Brentford,home,0,2,44,7,4,398,73,0,0,10,10,37,0.35
4813454,2025-10-20,Brentford,West Ham United,away,2,0,56,22,12,503,81,5,4,4,10,63,2.35
4813461,2025-10-24,Leeds United,West Ham United,home,2,1,41,13,8,403,79,3,1,5,12,46,1.84
4813461,2025-10-24,West Ham United,Leeds United,away,1,2,59,9,6,583,80,0,0,6,11,54,0.49
4813459,2025-10-25,Chelsea,Sunderland,home,1,2,68,16,11,678,87,2,1,6,15,50,1.02
4813459,2025-10-25,Sunderland,Chelsea,away,2,1,32,10,8,320,76,2,1,10,13,50,1.39
4813463,2025-10-25,Newcastle United,Fulham,home,2,1,51,18,12,495,82,4,3,8,11,52,2.23
4813463,2025-10-25,Fulham,Newcastle United,away,1,2,49,12,10,484,78,2,1,10,18,48,1.65
4813462,2025-10-25,Manchester United,Brighton & Hove Albion,home,4,2,44,13,10,470,81,4,3,7,4,47,1.89
4813462,2025-10-25,Brighton & Hove Albion,Manchester United,away,2,4,56,17,9,602,84,1,0,6,13,53,1.11
4813458,2025-10-25,Brentford,Liverpool,home,3,2,35,17,10,335,67,7,4,9,7,48,3.0
4813458,2025-10-25,Liverpool,Brentford,away,2,3,65,18,11,629,82,3,2,7,10,52,2.08
4813455,2025-10-26,AFC Bournemouth,Nottingham Forest,home,2,0,52,13,9,484,79,0,0,6,17,49,0.7
4813455,2025-10-26,Nottingham Forest,AFC Bournemouth,away,0,2,48,8,6,442,76,0,0,7,7,51,0.36
4813456,2025-10-26,Arsenal,Crystal Palace,home,1,0,59,10,6,570,81,2,2,4,6,53,1.05
4813456,2025-10-26,Crystal Palace,Arsenal,away,0,1,41,7,4,392,73,0,0,5,11,47,0.31
4813457,2025-10-26,Aston Villa,Manchester City,home,1,0,47,9,8,481,85,2,2,13,8,43,1.01
4813457,2025-10-26,Manchester City,Aston Villa,away,0,1,53,18,13,542,88,2,2,7,16,57,1.26
4813464,2025-10-26,Wolverhampton Wanderers,Burnley,home,2,3,57,15,9,559,80,3,1,7,12,54,1.99
4813464,2025-10-26,Burnley,Wolverhampton Wanderers,away,3,2,43,11,10,427,76,2,0,7,7,46,1.37
4813460,2025-10-26,Everton,Tottenham Hotspur,home,0,3,54,12,7,495,79,3,3,2,9,55,1.51
4813460,2025-10-26,Tottenham Hotspur,Everton,away,3,0,46,7,5,430,81,4,1,8,8,45,2.0
4813465,2025-11-01,Brighton & Hove Albion,Leeds United,home,3,0,50,14,9,527,87,3,0,3,10,53,2.21
4813465,2025-11-01,Leeds United,Brighton & Hove Albion,away,0,3,50,5,3,528,85,1,1,6,7,47,0.56
4813466,2025-11-01,Burnley,Arsenal,home,0,2,46,3,0,462,79,1,1,7,10,53,0.5
4813466,2025-11-01,Arsenal,Burnley,away,2,0,54,12,9,533,84,4,2,0,13,47,2.22
4813467,2025-11-01,Crystal Palace,Brentford,home,2,0,37,10,7,311,65,1,1,4,7,37,0.86
4813467,2025-11-01,Brentford,Crystal Palace,away,0,2,63,7,5,537,78,1,1,6,11,63,0.53
4813468,2025-11-01,Fulham,Wolverhampton Wanderers,home,3,0,64,19,14,611,85,2,1,3,13,45,1.69
4813468,2025-11-01,Wolverhampton Wanderers,Fulham,away,0,3,36,6,4,349,74,0,0,12,14,55,0.22
4813471,2025-11-01,Nottingham Forest,Manchester United,home,2,2,42,17,9,394,71,1,0,10,10,41,1.47
4813471,2025-11-01,Manchester United,Nottingham Forest,away,2,2,58,18,12,553,83,0,0,7,7,59,0.89
4813473,2025-11-01,Tottenham Hotspur,Chelsea,home,0,1,48,3,2,433,74,0,0,9,14,53,0.17
4813473,2025-11-01,Chelsea,Tottenham Hotspur,away,1,0,52,15,10,466,80,6,5,2,12,47,2.84
4813469,2025-11-01,Liverpool,Aston Villa,home,2,0,54,16,9,500,86,4,3,4,13,59,1.69
4813469,2025-11-01,Aston Villa,Liverpool,away,0,2,46,10,4,433,81,0,0,7,11,41,0.43
4813474,2025-11-02,West Ham United,Newcastle United,home,3,1,38,15,12,363,74,2,2,6,5,52,2.06
4813474,2025-11-02,Newcastle United,West Ham United,away,1,3,62,13,7,605,83,0,0,10,10,48,0.47
4813470,2025-11-02,Manchester City,AFC Bournemouth,home,3,1,49,15,11,532,84,4,2,5,8,57,1.83
4813470,2025-11-02,AFC Bournemouth,Manchester City,away,1,3,51,8,6,554,85,1,0,8,11,43,0.73
4813472,2025-11-03,Sunderland,Everton,home,1,1,60,17,10,571,82,1,1,4,10,53,1.1
4813472,2025-11-03,Everton,Sunderland,away,1,1,40,8,5,380,74,1,1,9,12,47,0.83
4813483,2025-11-08,Tottenham Hotspur,Manchester United,home,2,2,54,10,7,515,80,3,2,1,10,58,1.28
4813483,2025-11-08,Manchester United,Tottenham Hotspur,away,2,2,46,5,3,434,76,2,1,5,8,42,0.65
4813479,2025-11-08,Everton,Fulham,home,2,0,50,14,9,452,81,4,2,6,11,49,1.73
4813479,2025-11-08,Fulham,Everton,away,0,2,50,8,7,446,80,0,0,7,14,51,0.39
4813484,2025-11-08,West Ham United,Burnley,home,3,2,43,15,14,412,79,3,0,12,15,42,2.5
4813484,2025-11-08,Burnley,West Ham United,away,2,3,57,16,14,551,83,3,1,11,13,58,1.82
4813482,2025-11-08,Sunderland,Arsenal,home,2,2,36,6,4,318,74,2,0,9,13,43,1.01
4813482,2025-11-08,Arsenal,Sunderland,away,2,2,64,17,11,574,84,4,3,2,13,57,1.91
4813477,2025-11-08,Chelsea,Wolverhampton Wanderers,home,3,0,63,20,14,654,86,6,3,0,12,60,3.33
4813477,2025-11-08,Wolverhampton Wanderers,Chelsea,away,0,3,37,3,0,379,80,0,0,10,14,40,0.14
4813475,2025-11-09,Aston Villa,AFC Bournemouth,home,4,0,51,16,14,382,76,2,2,7,8,45,1.51
4813475,2025-11-09,AFC Bournemouth,Aston Villa,away,0,4,49,12,7,363,76,2,2,8,20,55,1.46
4813476,2025-11-09,Brentford,Newcastle United,home,3,1,50,15,11,467,74,4,1,1,10,56,2.55
4813476,2025-11-09,Newcastle United,Brentford,away,1,3,50,5,2,476,80,1,0,8,13,44,0.56
4813478,2025-11-09,Crystal Palace,Brighton & Hove Albion,home,0,0,43,10,3,410,73,0,0,6,10,53,0.65
4813478,2025-11-09,Brighton & Hove Albion,Crystal Palace,away,0,0,57,7,6,548,80,1,1,3,12,47,0.56
4813481,2025-11-09,Nottingham Forest,Leeds United,home,3,1,46,14,12,398,75,3,0,4,10,52,2.14
4813481,2025-11-09,Leeds United,Nottingham Forest,away,1,3,54,10,5,470,79,1,1,8,11,48,0.65
4813480,2025-11-09,Manchester City,Liverpool,home,3,0,49,14,11,486,83,1,1,6,14,64,1.48
4813480,2025-11-09,Liverpool,Manchester City,away,0,3,51,7,5,506,84,2,2,8,15,36,0.81
4813488,2025-11-22,Burnley,Chelsea,home,0,2,45,8,5,447,78,1,1,8,13,39,0.5
4813488,2025-11-22,Chelsea,Burnley,away,2,0,55,15,10,552,82,2,0,5,8,61,1.31
4813485,2025-11-22,AFC Bournemouth,West Ham United,home,2,2,76,28,17,701,82,4,2,1,9,48,3.0
4813485,2025-11-22,West Ham United,AFC Bournemouth,away,2,2,24,5,3,221,54,0,0,17,10,52,0.32
4813487,2025-11-22,Brighton & Hove Albion,Brentford,home,2,1,64,14,6,611,81,1,0,4,10,56,1.04
4813487,2025-11-22,Brentford,Brighton & Hove Albion,away,1,2,36,10,5,343,73,3,2,4,9,44,2.14
4813489,2025-11-22,Fulham,Sunderland,home,1,0,57,24,11,536,83,4,3,3,5,45,2.2
4813489,2025-11-22,Sunderland,Fulham,away,0,1,43,4,3,408,77,0,0,10,13,55,0.15
4813491,2025-11-22,Liverpool,Nottingham Forest,home,0,3,74,21,13,702,86,1,1,9,11,53,1.5
4813491,2025-11-22,Nottingham Forest,Liverpool,away,3,0,26,15,12,249,68,2,1,13,8,47,1.33
4813494,2025-11-22,Wolverhampton Wanderers,Crystal Palace,home,0,2,48,8,3,445,79,2,2,4,13,48,1.25
4813494,2025-11-22,Crystal Palace,Wolverhampton Wanderers,away,2,0,52,10,7,480,79,2,1,3,9,52,1.25
4813493,2025-11-22,Newcastle United,Manchester City,home,2,1,33,9,6,314,76,5,4,7,13,52,2.34
4813493,2025-11-22,Manchester City,Newcastle United,away,1,2,67,17,8,632,87,3,3,4,8,48,1.83
4813490,2025-11-23,Leeds United,Aston Villa,home,1,2,48,14,9,438,79,3,2,5,18,52,1.71
4813490,2025-11-23,Aston Villa,Leeds United,away,2,1,52,14,7,480,80,1,1,8,16,48,1.33
4813486,2025-11-23,Arsenal,Tottenham Hotspur,home,4,1,57,17,10,483,79,3,2,1,11,55,1.98
4813486,2025-11-23,Tottenham Hotspur,Arsenal,away,1,4,43,3,2,367,75,0,0,6,15,45,0.07
4813492,2025-11-24,Manchester United,Everton,home,0,1,69,25,13,695,84,3,3,1,12,46,1.85
4813492,2025-11-24,Everton,Manchester United,away,1,0,31,3,2,309,64,0,0,12,9,54,0.16
4813496,2025-11-29,Brentford,Burnley,home,3,1,52,14,5,459,76,6,3,4,7,56,3.23
4813496,2025-11-29,Burnley,Brentford,away,1,3,48,6,5,422,66,1,0,2,7,44,0.94
4813500,2025-11-29,Manchester City,Leeds United,home,3,2,61,18,15,599,86,6,4,4,17,45,3.13
4813500,2025-11-29,Leeds United,Manchester City,away,2,3,39,9,6,376,73,3,1,12,11,55,1.97
4813502,2025-11-29,Sunderland,AFC Bournemouth,home,3,2,42,12,8,374,70,2,1,8,14,58,1.48
4813502,2025-11-29,AFC Bournemouth,Sunderland,away,2,3,58,18,10,508,79,2,1,5,13,42,1.71
4813499,2025-11-29,Everton,Newcastle United,home,1,4,49,10,4,563,85,1,0,8,4,46,0.91
4813499,2025-11-29,Newcastle United,Everton,away,4,1,51,13,12,593,86,5,2,3,6,54,2.05
4813503,2025-11-29,Tottenham Hotspur,Fulham,home,1,2,62,14,8,576,82,2,2,4,11,50,1.11
4813503,2025-11-29,Fulham,Tottenham Hotspur,away,2,1,38,7,6,352,73,0,0,7,7,50,0.36
4813498,2025-11-30,Crystal Palace,Manchester United,home,1,2,44,14,8,375,71,3,2,4,14,47,2.03
4813498,2025-11-30,Manchester United,Crystal Palace,away,2,1,56,14,6,485,76,2,2,7,14,53,2.04
4813495,2025-11-30,Aston Villa,Wolverhampton Wanderers,home,1,0,52,16,10,496,84,0,0,7,13,51,0.74
4813495,2025-11-30,Wolverhampton Wanderers,Aston Villa,away,0,1,48,9,7,453,85,1,1,9,21,49,0.63
4813501,2025-11-30,Nottingham Forest,Brighton & Hove Albion,home,0,2,52,19,13,541,80,1,1,10,11,59,0.99
4813501,2025-11-30,Brighton & Hove Albion,Nottingham Forest,away,2,0,48,17,12,504,82,4,2,11,10,41,1.84
4813504,2025-11-30,West Ham United,Liverpool,home,0,2,44,7,5,424,76,0,0,3,12,46,0.33
4813504,2025-11-30,Liverpool,West Ham United,away,2,0,56,9,5,549,85,3,2,5,14,54,1.57
4813497,2025-11-30,Chelsea,Arsenal,home,1,1,39,11,6,315,78,1,1,4,12,59,0.63
4813497,2025-11-30,Arsenal,Chelsea,away,1,1,61,8,5,499,83,1,0,5,13,41,0.86
4813505,2025-12-02,AFC Bournemouth,Everton,home,0,1,54,5,4,517,83,1,1,6,14,51,0.47
4813505,2025-12-02,Everton,AFC Bournemouth,away,1,0,46,13,8,433,70,2,2,4,14,49,1.88
4813509,2025-12-02,Fulham,Manchester City,home,4,5,57,13,10,654,86,1,1,4,9,46,0.88
4813509,2025-12-02,Manchester City,Fulham,away,5,4,43,11,8,494,83,3,1,5,7,54,1.69
4813513,2025-12-02,Newcastle United,Tottenham Hotspur,home,2,2,53,19,14,497,81,1,0,5,5,56,1.68
4813513,2025-12-02,Tottenham Hotspur,Newcastle United,away,2,2,47,8,7,439,77,1,0,12,12,44,0.78
4813506,2025-12-03,Arsenal,Brentford,home,2,0,62,15,11,580,82,4,3,4,7,50,2.12
4813506,2025-12-03,Brentford,Arsenal,away,0,2,38,6,4,361,74,1,1,9,9,50,0.48
4813507,2025-12-03,Brighton & Hove Albion,Aston Villa,home,3,4,56,16,10,507,83,3,2,8,10,49,2.23
4813507,2025-12-03,Aston Villa,Brighton & Hove Albion,away,4,3,44,15,13,400,80,6,2,7,9,51,3.14
4813508,2025-12-03,Burnley,Crystal Palace,home,0,1,58,11,10,617,81,2,2,2,9,41,1.02
4813508,2025-12-03,Crystal Palace,Burnley,away,1,0,42,3,3,452,73,2,1,9,8,59,0.76
4813514,2025-12-03,Wolverhampton Wanderers,Nottingham Forest,home,0,1,50,5,3,455,77,1,1,6,19,60,0.69
4813514,2025-12-03,Nottingham Forest,Wolverhampton Wanderers,away,1,0,50,10,7,464,79,2,1,3,11,40,0.9
4813510,2025-12-03,Leeds United,Chelsea,home,3,1,29,17,7,299,69,2,1,6,10,47,1.95
4813510,2025-12-03,Chelsea,Leeds United,away,1,3,71,14,7,729,87,1,0,4,13,53,0.88
4813511,2025-12-03,Liverpool,Sunderland,home,1,1,68,23,15,693,84,1,1,6,10,55,1.3
4813511,2025-12-03,Sunderland,Liverpool,away,1,1,32,10,8,333,70,1,1,14,5,45,0.49
4813512,2025-12-04,Manchester United,West Ham United,home,1,1,65,17,12,609,78,3,2,7,13,44,1.91
4813512,2025-12-04,West Ham United,Manchester United,away,1,1,35,11,8,333,68,1,0,12,9,56,0.88
4813516,2025-12-06,Aston Villa,Arsenal,home,2,1,47,15,13,432,79,5,4,9,10,48,2.7
4813516,2025-12-06,Arsenal,Aston Villa,away,1,2,53,15,10,479,83,4,3,11,8,52,1.64
4813515,2025-12-06,AFC Bournemouth,Chelsea,home,0,0,40,13,7,367,70,1,1,5,15,48,1.33
4813515,2025-12-06,Chelsea,AFC Bournemouth,away,0,0,60,11,5,557,82,0,0,7,13,52,0.58
4813518,2025-12-06,Everton,Nottingham Forest,home,3,0,41,11,9,348,74,1,0,5,17,43,1.02
4813518,2025-12-06,Nottingham Forest,Everton,away,0,3,59,8,6,493,79,1,1,7,15,57,0.57
4813521,2025-12-06,Manchester City,Sunderland,home,3,0,64,18,11,668,88,3,2,4,9,54,1.99
4813521,2025-12-06,Sunderland,Manchester City,away,0,3,36,8,4,377,78,1,1,7,10,46,0.71
4813522,2025-12-06,Newcastle United,Burnley,home,2,1,69,17,10,656,88,2,1,4,9,66,1.75
4813522,2025-12-06,Burnley,Newcastle United,away,1,2,31,9,6,296,70,3,2,9,11,34,1.61
4813523,2025-12-06,Tottenham Hotspur,Brentford,home,2,0,53,15,10,449,79,4,3,2,8,45,1.91
4813523,2025-12-06,Brentford,Tottenham Hotspur,away,0,2,47,4,2,393,76,1,1,8,9,55,0.3
4813520,2025-12-06,Leeds United,Liverpool,home,3,3,45,12,7,445,78,2,0,8,14,43,1.5
4813520,2025-12-06,Liverpool,Leeds United,away,3,3,55,16,11,537,81,4,2,4,14,57,1.96
4813517,2025-12-07,Brighton & Hove Albion,West Ham United,home,1,1,68,22,14,644,85,3,2,7,12,46,1.88
4813517,2025-12-07,West Ham United,Brighton & Hove Albion,away,1,1,32,14,8,307,73,3,3,13,8,54,1.64
4813519,2025-12-07,Fulham,Crystal Palace,home,1,2,63,12,7,686,86,2,2,8,5,53,0.96
4813519,2025-12-07,Crystal Palace,Fulham,away,2,1,37,11,10,401,80,4,2,6,8,47,1.86
4813524,2025-12-08,Wolverhampton Wanderers,Manchester United,home,1,4,37,8,5,341,69,1,0,19,17,53,0.63
4813524,2025-12-08,Manchester United,Wolverhampton Wanderers,away,4,1,63,27,24,579,83,8,4,3,12,47,4.08
4813528,2025-12-13,Chelsea,Everton,home,2,0,57,17,8,560,87,5,3,7,13,49,2.06
4813528,2025-12-13,Everton,Chelsea,away,0,2,43,11,6,425,79,3,3,6,11,51,1.06
4813530,2025-12-13,Liverpool,Brighton & Hove Albion,home,2,0,49,18,10,535,86,3,1,7,8,68,2.0
4813530,2025-12-13,Brighton & Hove Albion,Liverpool,away,0,2,51,14,7,558,87,3,3,8,15,32,1.55
4813527,2025-12-13,Burnley,Fulham,home,2,3,53,16,12,580,81,5,3,1,8,46,2.17
4813527,2025-12-13,Fulham,Burnley,away,3,2,47,6,4,517,79,2,0,10,8,54,1.81
4813525,2025-12-13,Arsenal,Wolverhampton Wanderers,home,2,1,69,16,5,628,84,3,3,2,7,59,1.23
4813525,2025-12-13,Wolverhampton Wanderers,Arsenal,away,1,2,31,5,5,282,68,1,1,7,15,41,0.52
4813529,2025-12-14,Crystal Palace,Manchester City,home,0,3,40,16,10,412,74,1,1,3,9,48,1.21
4813529,2025-12-14,Manchester City,Crystal Palace,away,3,0,60,7,6,624,85,2,0,10,6,52,1.24
4813532,2025-12-14,Nottingham Forest,Tottenham Hotspur,home,3,0,48,15,8,429,79,4,3,5,9,40,2.16
4813532,2025-12-14,Tottenham Hotspur,Nottingham Forest,away,0,3,52,6,5,466,77,0,0,5,13,60,0.33
4813533,2025-12-14,Sunderland,Newcastle United,home,1,0,47,5,3,435,74,1,1,5,10,51,0.38
4813533,2025-12-14,Newcastle United,Sunderland,away,0,1,53,7,6,499,81,0,0,3,10,49,0.18
4813534,2025-12-14,West Ham United,Aston Villa,home,2,3,42,11,7,420,82,2,0,3,18,36,1.01
4813534,2025-12-14,Aston Villa,West Ham United,away,3,2,58,7,5,592,87,1,0,3,13,64,0.65
4813526,2025-12-14,Brentford,Leeds United,home,1,1,57,7,3,542,78,1,0,10,8,50,0.58
4813526,2025-12-14,Leeds United,Brentford,away,1,1,43,18,12,412,70,2,1,2,9,50,1.71
4813531,2025-12-15,Manchester United,AFC Bournemouth,home,4,4,56,25,19,437,77,2,0,5,15,48,2.6
4813531,2025-12-15,AFC Bournemouth,Manchester United,away,4,4,44,14,9,341,65,6,4,15,12,52,2.38
4813542,2025-12-20,Newcastle United,Chelsea,home,2,2,47,11,5,413,75,7,5,6,13,48,2.14
4813542,2025-12-20,Chelsea,Newcastle United,away,2,2,53,13,8,465,79,1,0,3,14,52,0.92
4813535,2025-12-20,AFC Bournemouth,Burnley,home,1,1,65,16,4,559,78,3,3,2,11,54,1.79
4813535,2025-12-20,Burnley,AFC Bournemouth,away,1,1,35,4,3,297,64,1,0,3,11,46,0.47
4813537,2025-12-20,Brighton & Hove Albion,Sunderland,home,0,0,57,16,9,488,81,0,0,10,11,53,0.88
4813537,2025-12-20,Sunderland,Brighton & Hove Albion,away,0,0,43,14,10,372,74,2,2,9,15,47,1.5
4813541,2025-12-20,Manchester City,West Ham United,home,3,0,66,17,10,787,91,8,5,4,16,47,3.23
4813541,2025-12-20,West Ham United,Manchester City,away,0,3,34,7,3,410,81,2,2,7,10,53,0.94
4813544,2025-12-20,Wolverhampton Wanderers,Brentford,home,0,2,44,9,8,405,75,2,2,4,12,52,1.27
4813544,2025-12-20,Brentford,Wolverhampton Wanderers,away,2,0,56,7,6,526,81,4,2,8,15,48,1.45
4813543,2025-12-20,Tottenham Hotspur,Liverpool,home,1,2,35,15,11,358,74,2,1,5,9,41,1.26
4813543,2025-12-20,Liverpool,Tottenham Hotspur,away,2,1,65,8,7,668,86,2,0,10,7,59,1.05
4813538,2025-12-20,Everton,Arsenal,home,0,1,35,5,3,377,72,0,0,3,4,50,0.21
4813538,2025-12-20,Arsenal,Everton,away,1,0,65,13,4,694,86,3,2,2,5,50,1.76
4813540,2025-12-20,Leeds United,Crystal Palace,home,4,1,54,20,13,461,77,4,1,5,5,52,2.94
4813540,2025-12-20,Crystal Palace,Leeds United,away,1,4,46,9,6,389,76,2,1,9,10,48,1.53
4813536,2025-12-21,Aston Villa,Manchester United,home,2,1,42,12,9,372,78,2,2,8,11,41,1.42
4813536,2025-12-21,Manchester United,Aston Villa,away,1,2,58,15,9,509,82,3,2,7,14,59,1.35
4813539,2025-12-22,Fulham,Nottingham Forest,home,1,0,49,11,7,525,80,2,1,6,5,60,1.59
4813539,2025-12-22,Nottingham Forest,Fulham,away,0,1,51,12,6,536,81,0,0,6,9,40,0.56
4813551,2025-12-26,Manchester United,Newcastle United,home,1,0,34,10,4,359,75,1,1,10,9,44,0.82
4813551,2025-12-26,Newcastle United,Manchester United,away,0,1,66,16,10,695,83,1,1,3,5,56,0.99
4813552,2025-12-27,Nottingham Forest,Manchester City,home,1,2,35,7,5,334,72,1,0,9,5,48,0.65
4813552,2025-12-27,Manchester City,Nottingham Forest,away,2,1,65,16,12,630,88,1,0,4,13,52,1.29
4813545,2025-12-27,Arsenal,Brighton & Hove Albion,home,2,1,53,24,16,492,82,4,4,4,7,41,2.61
4813545,2025-12-27,Brighton & Hove Albion,Arsenal,away,1,2,47,9,6,436,81,1,0,14,13,59,0.81
4813546,2025-12-27,Brentford,AFC Bournemouth,home,4,1,50,15,11,427,77,5,2,18,9,48,2.51
4813546,2025-12-27,AFC Bournemouth,Brentford,away,1,4,50,21,19,434,72,4,3,9,8,52,2.82
4813547,2025-12-27,Burnley,Everton,home,0,0,55,16,7,514,74,1,1,9,8,50,1.08
4813547,2025-12-27,Everton,Burnley,away,0,0,45,15,9,426,75,1,1,7,8,50,1.1
4813550,2025-12-27,Liverpool,Wolverhampton Wanderers,home,2,1,66,14,7,701,87,1,0,4,5,62,1.16
4813550,2025-12-27,Wolverhampton Wanderers,Liverpool,away,1,2,34,9,5,362,75,1,1,5,13,38,0.75
4813554,2025-12-27,West Ham United,Fulham,home,0,1,44,11,7,444,80,1,1,10,8,59,0.84
4813554,2025-12-27,Fulham,West Ham United,away,1,0,56,17,11,558,84,1,0,7,8,41,1.25
4813548,2025-12-27,Chelsea,Aston Villa,home,1,2,62,14,10,570,85,2,1,8,16,69,1.84
4813548,2025-12-27,Aston Villa,Chelsea,away,2,1,38,11,10,345,79,5,3,9,8,31,2.2
4813553,2025-12-28,Sunderland,Leeds United,home,1,1,44,8,5,433,80,2,2,10,7,45,0.8
4813553,2025-12-28,Leeds United,Sunderland,away,1,1,56,17,12,558,82,4,3,4,9,55,2.45
4813549,2025-12-28,Crystal Palace,Tottenham Hotspur,home,0,1,61,15,7,598,76,2,2,3,7,44,1.41
4813549,2025-12-28,Tottenham Hotspur,Crystal Palace,away,1,0,39,8,5,375,68,1,0,7,5,56,0.89
4813557,2025-12-30,Burnley,Newcastle United,home,1,3,48,15,7,472,77,2,2,12,9,51,1.19
4813557,2025-12-30,Newcastle United,Burnley,away,3,1,52,20,15,507,81,7,6,6,3,49,3.81
4813558,2025-12-30,Chelsea,AFC Bournemouth,home,2,2,67,17,11,612,84,2,1,8,5,56,2.1
4813558,2025-12-30,AFC Bournemouth,Chelsea,away,2,2,33,17,10,303,70,6,4,10,12,44,3.42
4813562,2025-12-30,Nottingham Forest,Everton,home,0,2,69,21,13,744,85,1,1,5,11,50,1.4
4813562,2025-12-30,Everton,Nottingham Forest,away,2,0,31,11,7,328,72,3,1,13,9,50,1.43
4813564,2025-12-30,West Ham United,Brighton & Hove Albion,home,2,2,39,10,7,371,73,4,2,10,11,45,2.14
4813564,2025-12-30,Brighton & Hove Albion,West Ham United,away,2,2,61,16,10,587,83,4,2,4,18,55,3.13
4813555,2025-12-30,Arsenal,Aston Villa,home,4,1,46,22,14,378,85,6,4,6,18,49,3.58
4813555,2025-12-30,Aston Villa,Arsenal,away,1,4,54,11,7,446,85,5,4,10,9,51,2.98
4813561,2025-12-30,Manchester United,Wolverhampton Wanderers,home,1,1,56,15,10,549,86,2,2,4,9,45,0.99
4813561,2025-12-30,Wolverhampton Wanderers,Manchester United,away,1,1,44,11,6,429,83,2,2,9,12,55,1.53
4813559,2026-01-01,Crystal Palace,Fulham,home,1,1,40,11,6,419,75,3,2,10,7,46,1.81
4813559,2026-01-01,Fulham,Crystal Palace,away,1,1,60,17,11,624,84,3,3,4,10,54,1.66
4813560,2026-01-01,Liverpool,Leeds United,home,0,0,68,19,12,686,84,2,2,3,10,51,1.7
4813560,2026-01-01,Leeds United,Liverpool,away,0,0,32,4,3,326,63,1,1,12,8,49,0.43
4813556,2026-01-01,Brentford,Tottenham Hotspur,home,0,0,56,7,4,558,81,1,1,7,8,44,0.64
4813556,2026-01-01,Tottenham Hotspur,Brentford,away,0,0,44,9,7,442,76,0,0,4,10,56,0.54
4813563,2026-01-01,Sunderland,Manchester City,home,0,0,33,10,6,335,72,2,2,9,9,48,0.9
4813563,2026-01-01,Manchester City,Sunderland,away,0,0,67,14,9,686,84,5,5,6,6,52,2.44
4813566,2026-01-03,Aston Villa,Nottingham Forest,home,3,1,73,11,8,683,88,2,1,6,10,50,1.29
4813566,2026-01-03,Nottingham Forest,Aston Villa,away,1,3,27,10,7,258,69,2,1,5,20,50,0.79
4813567,2026-01-03,Brighton & Hove Albion,Burnley,home,2,0,59,15,8,634,88,2,1,3,7,52,1.33
4813567,2026-01-03,Burnley,Brighton & Hove Albion,away,0,2,41,5,3,438,79,0,0,6,17,48,0.14
4813574,2026-01-03,Wolverhampton Wanderers,West Ham United,home,3,0,34,11,8,348,75,3,1,0,11,46,1.94
4813574,2026-01-03,West Ham United,Wolverhampton Wanderers,away,0,3,66,6,0,674,85,0,0,5,10,54,0.23
4813565,2026-01-03,AFC Bournemouth,Arsenal,home,2,3,43,15,8,380,73,1,0,6,13,48,0.96
4813565,2026-01-03,Arsenal,AFC Bournemouth,away,3,2,57,12,9,499,78,2,0,6,8,52,1.21
4813570,2026-01-04,Leeds United,Manchester United,home,1,1,46,11,5,469,70,1,0,5,9,51,0.79
4813570,2026-01-04,Manchester United,Leeds United,away,1,1,54,15,7,557,78,3,3,4,9,49,1.71
4813568,2026-01-04,Everton,Brentford,home,2,4,46,14,11,417,75,1,0,5,9,60,0.8
4813568,2026-01-04,Brentford,Everton,away,4,2,54,11,9,495,78,6,2,10,8,40,2.62
4813569,2026-01-04,Fulham,Liverpool,home,2,2,42,8,5,497,82,1,0,3,11,60,0.67
4813569,2026-01-04,Liverpool,Fulham,away,2,2,58,10,5,693,86,3,1,2,4,40,1.21
4813572,2026-01-04,Newcastle United,Crystal Palace,home,2,0,59,12,9,544,80,5,3,6,5,55,2.57
4813572,2026-01-04,Crystal Palace,Newcastle United,away,0,2,41,11,6,378,67,1,1,7,12,45,0.88
4813573,2026-01-04,Tottenham Hotspur,Sunderland,home,1,1,49,13,7,411,76,2,1,5,9,47,1.47
4813573,2026-01-04,Sunderland,Tottenham Hotspur,away,1,1,51,10,6,429,75,0,0,5,6,53,0.43
4813571,2026-01-04,Manchester City,Chelsea,home,1,1,57,14,8,609,85,0,0,4,12,65,0.91
4813571,2026-01-04,Chelsea,Manchester City,away,1,1,43,8,4,467,83,3,2,7,14,35,2.28
4813584,2026-01-06,West Ham United,Nottingham Forest,home,1,2,47,14,8,426,74,3,3,6,15,61,1.43
4813584,2026-01-06,Nottingham Forest,West Ham United,away,2,1,53,14,10,477,76,1,0,8,9,39,1.29
4813575,2026-01-07,AFC Bournemouth,Tottenham Hotspur,home,3,2,42,11,8,353,74,1,0,7,19,40,0.99
4813575,2026-01-07,Tottenham Hotspur,AFC Bournemouth,away,2,3,58,16,9,484,75,2,2,5,10,60,1.32
4813577,2026-01-07,Brentford,Sunderland,home,3,0,51,18,11,430,80,5,2,7,13,47,2.97
4813577,2026-01-07,Sunderland,Brentford,away,0,3,49,11,7,418,79,2,2,6,13,53,1.56
4813579,2026-01-07,Crystal Palace,Aston Villa,home,0,0,41,11,9,403,79,3,3,9,8,43,1.49
4813579,2026-01-07,Aston Villa,Crystal Palace,away,0,0,59,15,8,576,85,3,3,9,3,57,1.6
4813580,2026-01-07,Everton,Wolverhampton Wanderers,home,1,1,46,13,5,399,79,2,1,6,13,55,1.32
4813580,2026-01-07,Wolverhampton Wanderers,Everton,away,1,1,54,13,7,474,80,1,0,4,15,45,0.85
4813581,2026-01-07,Fulham,Chelsea,home,2,1,55,16,13,608,86,0,0,8,11,61,0.91
4813581,2026-01-07,Chelsea,Fulham,away,1,2,45,14,9,497,82,4,3,10,6,39,2.36
4813582,2026-01-07,Manchester City,Brighton & Hove Albion,home,1,1,60,21,12,643,87,7,6,2,6,65,3.79
4813582,2026-01-07,Brighton & Hove Albion,Manchester City,away,1,1,40,6,3,432,78,4,4,11,16,35,1.61
4813578,2026-01-07,Burnley,Manchester United,home,2,2,35,7,6,344,74,0,0,15,9,35,0.33
4813578,2026-01-07,Manchester United,Burnley,away,2,2,65,31,18,637,86,5,3,5,8,65,2.51
4813583,2026-01-07,Newcastle United,Leeds United,home,4,3,62,18,12,600,83,3,2,6,11,55,2.21
4813583,2026-01-07,Leeds United,Newcastle United,away,3,4,38,14,9,366,73,3,2,8,10,45,1.86
4813576,2026-01-08,Arsenal,Liverpool,home,0,0,48,9,8,491,84,1,1,3,10,48,0.56
4813576,2026-01-08,Liverpool,Arsenal,away,0,0,52,8,3,540,87,0,0,8,9,52,0.34
4813590,2026-01-17,Manchester United,Manchester City,home,2,0,32,11,7,331,78,6,4,4,13,52,2.4
4813590,2026-01-17,Manchester City,Manchester United,away,0,2,68,7,4,689,88,0,0,5,8,48,0.38
4813587,2026-01-17,Chelsea,Brentford,home,2,0,46,6,4,472,83,2,1,11,7,54,1.5
4813587,2026-01-17,Brentford,Chelsea,away,0,2,54,15,10,565,84,3,3,2,10,46,1.44
4813588,2026-01-17,Leeds United,Fulham,home,1,0,47,14,6,447,75,5,4,3,6,47,2.16
4813588,2026-01-17,Fulham,Leeds United,away,0,1,53,8,3,511,80,0,0,5,11,53,0.3
4813589,2026-01-17,Liverpool,Burnley,home,1,1,73,32,24,792,85,3,3,3,8,60,3.11
4813589,2026-01-17,Burnley,Liverpool,away,1,1,27,7,3,297,68,0,0,23,10,40,0.39
4813592,2026-01-17,Sunderland,Crystal Palace,home,2,1,58,13,8,502,77,3,2,3,8,55,1.58
4813592,2026-01-17,Crystal Palace,Sunderland,away,1,2,42,6,4,368,73,2,2,6,15,45,0.87
4813593,2026-01-17,Tottenham Hotspur,West Ham United,home,1,2,62,21,10,546,79,3,2,8,12,53,1.57
4813593,2026-01-17,West Ham United,Tottenham Hotspur,away,2,1,38,17,10,340,73,4,3,9,17,47,2.77
4813591,2026-01-17,Nottingham Forest,Arsenal,home,0,0,41,6,3,369,76,0,0,11,8,45,0.32
4813591,2026-01-17,Arsenal,Nottingham Forest,away,0,0,59,15,11,536,83,4,4,3,14,55,2.06
4813594,2026-01-18,Wolverhampton Wanderers,Newcastle United,home,0,0,33,6,4,336,74,0,0,6,14,46,0.39
4813594,2026-01-18,Newcastle United,Wolverhampton Wanderers,away,0,0,67,12,6,667,89,0,0,4,8,54,0.57
4813585,2026-01-18,Aston Villa,Everton,home,0,1,63,18,11,537,85,0,0,6,15,47,0.87
4813585,2026-01-18,Everton,Aston Villa,away,1,0,37,9,7,317,75,1,0,11,13,53,0.65
4813586,2026-01-19,Brighton & Hove Albion,AFC Bournemouth,home,1,1,66,17,12,627,82,1,1,6,7,58,0.97
4813586,2026-01-19,AFC Bournemouth,Brighton & Hove Albion,away,1,1,34,11,7,321,66,1,0,11,6,42,1.22
4813604,2026-01-24,West Ham United,Sunderland,home,3,1,47,13,8,405,75,4,2,2,9,56,1.83
4813604,2026-01-24,Sunderland,West Ham United,away,1,3,53,7,3,453,80,3,2,5,16,44,0.6
4813598,2026-01-24,Burnley,Tottenham Hotspur,home,2,2,38,9,7,403,77,3,1,9,8,39,1.44
4813598,2026-01-24,Tottenham Hotspur,Burnley,away,2,2,62,18,11,661,84,4,4,5,9,61,2.06
4813601,2026-01-24,Fulham,Brighton & Hove Albion,home,2,1,50,12,7,549,81,2,1,7,10,45,1.02
4813601,2026-01-24,Brighton & Hove Albion,Fulham,away,1,2,50,13,9,558,81,4,4,5,6,55,1.71
4813602,2026-01-24,Manchester City,Wolverhampton Wanderers,home,2,0,63,11,4,677,90,1,0,6,16,38,0.86
4813602,2026-01-24,Wolverhampton Wanderers,Manchester City,away,0,2,37,11,6,390,79,1,1,2,14,62,0.62
4813595,2026-01-24,AFC Bournemouth,Liverpool,home,3,2,33,12,8,333,75,6,3,8,7,45,2.7
4813595,2026-01-24,Liverpool,AFC Bournemouth,away,2,3,67,14,10,663,86,1,1,5,7,55,0.84
4813597,2026-01-25,Brentford,Nottingham Forest,home,0,2,66,10,4,629,83,3,3,3,11,52,1.45
4813597,2026-01-25,Nottingham Forest,Brentford,away,2,0,34,7,5,327,71,1,0,4,10,48,0.75
4813599,2026-01-25,Crystal Palace,Chelsea,home,1,3,43,13,10,481,75,6,5,3,11,60,2.27
4813599,2026-01-25,Chelsea,Crystal Palace,away,3,1,57,10,7,625,84,5,2,9,10,40,2.53
4813603,2026-01-25,Newcastle United,Aston Villa,home,0,2,61,15,11,578,83,3,3,8,7,57,1.67
4813603,2026-01-25,Aston Villa,Newcastle United,away,2,0,39,14,10,377,76,2,1,10,12,43,1.21
4813596,2026-01-25,Arsenal,Manchester United,home,2,3,56,15,10,493,81,1,0,2,11,54,1.29
4813596,2026-01-25,Manchester United,Arsenal,away,3,2,44,11,6,384,78,2,1,8,9,46,1.11
4813600,2026-01-26,Everton,Leeds United,home,1,1,58,10,7,591,81,1,0,5,9,57,0.83
4813600,2026-01-26,Leeds United,Everton,away,1,1,42,14,7,430,74,3,2,6,13,43,1.6
4813606,2026-01-31,Brighton & Hove Albion,Everton,home,1,1,53,11,6,518,82,2,2,3,13,38,1.23
4813606,2026-01-31,Everton,Brighton & Hove Albion,away,1,1,47,7,5,461,77,2,1,5,14,62,1.03
4813608,2026-01-31,Leeds United,Arsenal,home,0,4,50,3,2,443,76,0,0,7,10,46,0.12
4813608,2026-01-31,Arsenal,Leeds United,away,4,0,50,15,11,451,77,6,5,2,7,54,2.42
4813614,2026-01-31,Wolverhampton Wanderers,AFC Bournemouth,home,0,2,51,17,10,519,79,4,4,3,11,53,1.79
4813614,2026-01-31,AFC Bournemouth,Wolverhampton Wanderers,away,2,0,49,9,5,500,84,2,1,10,15,47,1.14
4813607,2026-01-31,Chelsea,West Ham United,home,3,2,70,14,10,782,86,4,2,7,11,45,2.8
4813607,2026-01-31,West Ham United,Chelsea,away,2,3,30,11,9,328,67,2,2,7,13,55,1.23
4813609,2026-01-31,Liverpool,Newcastle United,home,4,1,53,17,10,445,82,7,3,4,11,66,2.76
4813609,2026-01-31,Newcastle United,Liverpool,away,1,4,47,8,5,387,78,0,0,6,7,34,0.32
4813605,2026-02-01,Aston Villa,Brentford,home,0,1,71,27,16,681,85,3,3,1,8,58,2.05
4813605,2026-02-01,Brentford,Aston Villa,away,1,0,29,6,3,281,69,2,1,15,8,42,0.66
4813610,2026-02-01,Manchester United,Fulham,home,3,2,42,13,9,454,86,3,2,9,6,51,1.55
4813610,2026-02-01,Fulham,Manchester United,away,2,3,58,14,11,631,87,2,1,6,9,49,1.83
4813611,2026-02-01,Nottingham Forest,Crystal Palace,home,1,1,33,9,4,312,71,1,0,4,4,61,0.78
4813611,2026-02-01,Crystal Palace,Nottingham Forest,away,1,1,67,14,6,621,83,1,0,3,12,39,1.45
4813613,2026-02-01,Tottenham Hotspur,Manchester City,home,2,2,41,12,11,419,79,2,1,5,15,41,1.47
4813613,2026-02-01,Manchester City,Tottenham Hotspur,away,2,2,59,15,7,613,89,2,1,9,12,59,1.48
4813612,2026-02-02,Sunderland,Burnley,home,3,0,44,14,7,456,82,2,1,1,12,54,1.55
4813612,2026-02-02,Burnley,Sunderland,away,0,3,56,6,3,578,84,0,0,5,10,46,0.11
4813615,2026-02-07,AFC Bournemouth,Aston Villa,home,1,1,53,20,13,464,78,3,3,5,4,40,1.7
4813615,2026-02-07,Aston Villa,AFC Bournemouth,away,1,1,47,7,7,414,79,1,0,12,11,60,0.56
4813616,2026-02-07,Arsenal,Sunderland,home,3,0,49,16,10,427,80,1,0,4,11,53,0.88
4813616,2026-02-07,Sunderland,Arsenal,away,0,3,51,5,4,442,79,1,1,6,8,47,0.28
4813617,2026-02-07,Brighton & Hove Albion,Crystal Palace,home,0,1,63,7,5,590,84,1,1,3,12,49,0.6
4813617,2026-02-07,Crystal Palace,Brighton & Hove Albion,away,1,0,37,7,4,346,69,1,0,4,9,51,0.79
4813618,2026-02-07,Burnley,West Ham United,home,0,2,54,18,13,538,82,2,2,2,11,51,1.73
4813618,2026-02-07,West Ham United,Burnley,away,2,0,46,6,4,457,80,2,0,13,10,49,0.79
4813619,2026-02-07,Fulham,Everton,home,1,2,55,14,6,527,86,4,4,5,11,48,2.02
4813619,2026-02-07,Everton,Fulham,away,2,1,45,17,7,429,83,3,3,5,12,52,1.72
4813620,2026-02-07,Leeds United,Nottingham Forest,home,3,1,56,14,11,510,82,7,4,9,9,54,2.96
4813620,2026-02-07,Nottingham Forest,Leeds United,away,1,3,44,16,10,407,73,2,1,7,12,46,1.48
4813621,2026-02-07,Liverpool,Manchester City,home,1,2,47,15,7,431,77,1,1,8,13,45,0.92
4813621,2026-02-07,Manchester City,Liverpool,away,2,1,53,17,11,494,83,3,1,6,16,55,2.31
4813622,2026-02-07,Manchester United,Tottenham Hotspur,home,2,0,65,23,16,688,88,3,2,6,12,62,1.69
4813622,2026-02-07,Tottenham Hotspur,Manchester United,away,0,2,35,7,6,366,82,1,1,14,11,38,0.52
4813623,2026-02-07,Newcastle United,Brentford,home,2,3,53,16,8,471,80,4,3,6,14,54,2.77
4813623,2026-02-07,Brentford,Newcastle United,away,3,2,47,11,9,415,73,4,2,5,18,46,2.1
4813624,2026-02-07,Wolverhampton Wanderers,Chelsea,home,1,3,34,11,7,403,81,1,0,9,9,52,1.19
4813624,2026-02-07,Chelsea,Wolverhampton Wanderers,away,3,1,66,15,12,776,92,6,3,6,10,48,3.36
4813625,2026-02-11,Aston Villa,Brighton & Hove Albion,home,1,0,49,15,5,452,81,0,0,4,9,42,0.59
4813625,2026-02-11,Brighton & Hove Albion,Aston Villa,away,0,1,51,10,5,468,79,0,0,6,15,58,0.41
4813626,2026-02-11,Brentford,Arsenal,home,1,1,41,12,8,354,73,3,2,4,12,35,1.67
4813626,2026-02-11,Arsenal,Brentford,away,1,1,59,7,5,500,83,1,1,7,11,65,0.64
4813627,2026-02-11,Chelsea,Leeds United,home,2,2,65,19,11,688,91,5,3,2,9,51,3.54
4813627,2026-02-11,Leeds United,Chelsea,away,2,2,35,4,4,364,80,2,0,9,13,49,1.31
4813628,2026-02-11,Crystal Palace,Burnley,home,2,3,64,22,15,619,79,3,1,1,11,51,1.67
4813628,2026-02-11,Burnley,Crystal Palace,away,3,2,36,8,4,347,65,1,1,10,8,49,0.69
4813629,2026-02-11,Everton,AFC Bournemouth,home,1,2,53,16,11,490,79,3,2,7,14,57,2.33
4813629,2026-02-11,AFC Bournemouth,Everton,away,2,1,47,11,9,439,76,2,0,10,15,43,1.2
4813630,2026-02-11,Manchester City,Fulham,home,3,0,55,13,10,657,90,2,0,8,8,49,1.48
4813630,2026-02-11,Fulham,Manchester City,away,0,3,45,14,6,529,84,1,1,7,10,51,1.09
4813631,2026-02-11,Nottingham Forest,Wolverhampton Wanderers,home,0,0,63,35,19,536,85,4,4,3,12,56,2.99
4813631,2026-02-11,Wolverhampton Wanderers,Nottingham Forest,away,0,0,37,7,3,319,73,0,0,18,13,44,0.3
4813632,2026-02-11,Sunderland,Liverpool,home,0,1,43,11,6,415,80,1,1,15,8,38,0.75
4813632,2026-02-11,Liverpool,Sunderland,away,1,0,57,23,16,544,83,4,3,4,10,62,2.41
4813633,2026-02-11,Tottenham Hotspur,Newcastle United,home,1,2,53,16,10,437,83,2,1,12,15,47,1.75
4813633,2026-02-11,Newcastle United,Tottenham Hotspur,away,2,1,47,21,14,392,77,3,2,9,11,53,2.49
4813634,2026-02-11,West Ham United,Manchester United,home,1,1,35,7,6,363,77,2,1,5,10,41,1.08
4813634,2026-02-11,Manchester United,West Ham United,away,1,1,65,9,5,678,86,1,1,5,4,59,0.72
4813635,2026-02-21,Aston Villa,Leeds United,home,1,1,66,16,9,573,83,1,1,6,11,54,1.17
4813635,2026-02-21,Leeds United,Aston Villa,away,1,1,34,14,8,289,70,2,2,8,16,46,1.14
4813636,2026-02-21,Brentford,Brighton & Hove Albion,home,0,2,52,13,3,489,76,3,3,6,9,46,1.38
4813636,2026-02-21,Brighton & Hove Albion,Brentford,away,2,0,48,11,8,444,75,2,1,4,14,54,1.19
4813637,2026-02-21,Chelsea,Burnley,home,1,1,66,12,7,638,86,3,2,5,13,57,2.11
4813637,2026-02-21,Burnley,Chelsea,away,1,1,34,12,6,330,79,1,0,6,11,43,0.81
4813638,2026-02-21,Crystal Palace,Wolverhampton Wanderers,home,1,0,60,14,7,480,76,3,2,10,19,47,1.7
4813638,2026-02-21,Wolverhampton Wanderers,Crystal Palace,away,0,1,40,12,10,316,73,2,2,5,13,53,1.66
4813639,2026-02-21,Everton,Manchester United,home,0,1,48,12,10,474,72,0,0,3,12,60,0.55
4813639,2026-02-21,Manchester United,Everton,away,1,0,52,11,5,508,80,2,1,10,7,40,1.13
4813640,2026-02-21,Manchester City,Newcastle United,home,2,1,55,15,9,497,84,4,3,9,12,58,2.15
4813640,2026-02-21,Newcastle United,Manchester City,away,1,2,45,13,10,410,80,0,0,7,13,42,0.51
4813641,2026-02-21,Nottingham Forest,Liverpool,home,0,1,47,18,10,466,78,1,1,7,13,59,1.09
4813641,2026-02-21,Liverpool,Nottingham Forest,away,1,0,53,10,8,524,83,4,3,10,9,41,1.95
4813642,2026-02-21,Sunderland,Fulham,home,1,3,53,12,7,445,80,3,2,3,6,42,1.84
4813642,2026-02-21,Fulham,Sunderland,away,3,1,47,12,7,396,77,3,0,6,13,58,1.95
4813643,2026-02-21,Tottenham Hotspur,Arsenal,home,1,4,41,6,6,364,71,0,0,10,17,38,0.4
4813643,2026-02-21,Arsenal,Tottenham Hotspur,away,4,1,59,20,14,520,78,6,3,5,11,62,2.99
4813644,2026-02-21,West Ham United,AFC Bournemouth,home,0,0,42,20,10,382,71,3,3,9,10,59,2.46
4813644,2026-02-21,AFC Bournemouth,West Ham United,away,0,0,58,10,9,523,77,0,0,10,11,41,0.55
4813645,2026-02-28,AFC Bournemouth,Sunderland,home,1,1,61,21,12,513,75,2,1,4,15,57,1.73
4813645,2026-02-28,Sunderland,AFC Bournemouth,away,1,1,39,8,6,327,63,1,0,10,12,43,0.94
4813646,2026-02-28,Arsenal,Chelsea,home,2,1,41,13,10,359,80,2,0,5,11,49,1.54
4813646,2026-02-28,Chelsea,Arsenal,away,1,2,59,9,4,513,86,3,3,7,14,51,1.3
4813647,2026-02-28,Brighton & Hove Albion,Nottingham Forest,home,2,1,53,14,9,551,86,2,2,9,12,55,1.23
4813647,2026-02-28,Nottingham Forest,Brighton & Hove Albion,away,1,2,47,13,10,479,84,1,1,7,13,45,0.88
4813648,2026-02-28,Burnley,Brentford,home,3,4,42,12,5,366,75,1,0,8,9,42,0.84
4813648,2026-02-28,Brentford,Burnley,away,4,3,58,17,13,505,78,5,1,3,9,58,2.71
4813649,2026-02-28,Fulham,Tottenham Hotspur,home,2,1,54,18,8,512,79,3,2,7,11,55,1.81
4813649,2026-02-28,Tottenham Hotspur,Fulham,away,1,2,46,13,8,442,72,1,0,6,14,45,0.81
4813650,2026-02-28,Leeds United,Manchester City,home,0,1,34,14,7,356,71,3,3,8,10,27,1.53
4813650,2026-02-28,Manchester City,Leeds United,away,1,0,66,14,9,692,87,4,3,6,8,73,2.08
4813651,2026-02-28,Liverpool,West Ham United,home,5,2,49,18,14,452,78,2,2,5,12,44,1.55
4813651,2026-02-28,West Ham United,Liverpool,away,2,5,51,12,8,469,77,2,0,9,11,56,1.12
4813652,2026-02-28,Manchester United,Crystal Palace,home,2,1,61,20,16,651,85,3,1,4,13,64,1.97
4813652,2026-02-28,Crystal Palace,Manchester United,away,1,2,39,8,5,420,77,0,0,14,12,36,0.43
4813653,2026-02-28,Newcastle United,Everton,home,2,3,66,17,11,648,84,1,1,3,15,39,1.06
4813653,2026-02-28,Everton,Newcastle United,away,3,2,34,9,6,331,74,3,1,9,7,61,1.88
4813654,2026-02-28,Wolverhampton Wanderers,Aston Villa,home,2,0,40,9,5,357,76,2,0,11,13,50,1.03
4813654,2026-02-28,Aston Villa,Wolverhampton Wanderers,away,0,2,60,14,11,546,85,2,2,2,19,50,1.17
4813655,2026-03-04,AFC Bournemouth,Brentford,home,0,0,48,13,5,455,76,4,4,4,9,57,1.73
4813655,2026-03-04,Brentford,AFC Bournemouth,away,0,0,52,5,4,495,75,2,2,4,10,43,0.64
4813656,2026-03-04,Aston Villa,Chelsea,home,1,4,43,9,5,463,85,3,3,8,10,49,1.18
4813656,2026-03-04,Chelsea,Aston Villa,away,4,1,57,15,12,610,89,5,2,4,9,51,3.12
4813657,2026-03-04,Brighton & Hove Albion,Arsenal,home,0,1,59,11,8,524,79,2,2,2,14,55,1.04
4813657,2026-03-04,Arsenal,Brighton & Hove Albion,away,1,0,41,7,3,359,71,0,0,7,12,45,0.43
4813658,2026-03-04,Everton,Burnley,home,2,0,55,14,9,628,86,2,0,2,10,58,1.17
4813658,2026-03-04,Burnley,Everton,away,0,2,45,5,3,510,84,1,1,7,12,42,0.53
4813659,2026-03-04,Fulham,West Ham United,home,0,1,59,13,9,614,82,0,0,5,14,53,0.58
4813659,2026-03-04,West Ham United,Fulham,away,1,0,41,9,5,418,77,3,2,9,12,47,1.29
4813660,2026-03-04,Leeds United,Sunderland,home,0,1,70,18,13,604,79,0,0,2,15,46,0.86
4813660,2026-03-04,Sunderland,Leeds United,away,1,0,30,3,3,265,61,1,0,13,19,54,0.89
4813661,2026-03-04,Manchester City,Nottingham Forest,home,2,2,70,21,13,817,90,4,2,5,10,57,2.38
4813661,2026-03-04,Nottingham Forest,Manchester City,away,2,2,30,9,7,351,80,2,1,11,6,43,1.2
4813662,2026-03-04,Newcastle United,Manchester United,home,2,1,45,12,6,418,76,3,2,9,15,53,2.22
4813662,2026-03-04,Manchester United,Newcastle United,away,1,2,55,14,10,502,80,4,3,4,16,47,1.63
4813663,2026-03-04,Tottenham Hotspur,Crystal Palace,home,1,3,41,12,9,346,76,1,0,4,14,52,1.15
4813663,2026-03-04,Crystal Palace,Tottenham Hotspur,away,3,1,59,9,7,499,83,3,0,6,14,48,1.96
4813664,2026-03-04,Wolverhampton Wanderers,Liverpool,home,2,1,34,4,3,346,77,1,0,8,10,55,0.48
4813664,2026-03-04,Liverpool,Wolverhampton Wanderers,away,1,2,66,20,10,659,85,5,4,1,13,45,3.36
4813665,2026-03-14,Arsenal,Everton,home,2,0,64,25,16,618,84,2,0,6,11,57,2.12
4813665,2026-03-14,Everton,Arsenal,away,0,2,36,9,7,350,72,2,2,13,12,43,1.13
4813666,2026-03-14,Brentford,Wolverhampton Wanderers,home,2,2,49,10,3,472,76,5,3,4,12,59,2.14
4813666,2026-03-14,Wolverhampton Wanderers,Brentford,away,2,2,51,13,7,485,78,3,2,1,10,41,1.44
4813667,2026-03-14,Burnley,AFC Bournemouth,home,0,0,40,15,10,340,66,3,3,12,11,42,1.34
4813667,2026-03-14,AFC Bournemouth,Burnley,away,0,0,60,22,12,518,77,3,3,10,5,58,1.93
4813668,2026-03-14,Chelsea,Newcastle United,home,0,1,67,22,12,733,89,2,2,5,9,46,1.65
4813668,2026-03-14,Newcastle United,Chelsea,away,1,0,33,7,6,365,76,1,0,10,10,54,0.81
4813669,2026-03-14,Crystal Palace,Leeds United,home,0,0,65,12,7,510,76,0,0,5,12,56,0.52
4813669,2026-03-14,Leeds United,Crystal Palace,away,0,0,35,10,6,269,58,1,1,6,11,44,1.13
4813670,2026-03-14,Liverpool,Tottenham Hotspur,home,1,1,63,17,10,602,82,1,1,8,8,52,1.13
4813670,2026-03-14,Tottenham Hotspur,Liverpool,away,1,1,37,13,10,360,72,2,1,9,13,48,1.18
4813671,2026-03-14,Manchester United,Aston Villa,home,3,1,52,16,10,514,83,3,2,3,10,53,1.38
4813671,2026-03-14,Aston Villa,Manchester United,away,1,3,48,9,4,475,83,2,1,7,5,47,0.99
4813672,2026-03-14,Nottingham Forest,Fulham,home,0,0,46,11,7,447,77,1,1,3,8,50,0.85
4813672,2026-03-14,Fulham,Nottingham Forest,away,0,0,54,6,3,517,78,1,1,7,11,50,1.09
4813673,2026-03-14,Sunderland,Brighton & Hove Albion,home,0,1,49,14,9,476,75,0,0,8,7,38,0.7
4813673,2026-03-14,Brighton & Hove Albion,Sunderland,away,1,0,51,12,9,494,78,1,1,9,12,62,1.19
4813674,2026-03-14,West Ham United,Manchester City,home,1,1,29,1,1,336,73,1,0,12,14,42,0.35
4813674,2026-03-14,Manchester City,West Ham United,away,1,1,71,24,13,807,88,1,1,0,5,58,1.73
4813675,2026-03-21,AFC Bournemouth,Manchester United,home,2,2,55,17,10,544,82,2,1,11,10,47,1.73
4813675,2026-03-21,Manchester United,AFC Bournemouth,away,2,2,45,14,12,446,76,2,1,7,9,53,1.59
4813676,2026-03-21,Aston Villa,West Ham United,home,2,0,59,23,14,547,86,3,2,6,3,52,2.07
4813676,2026-03-21,West Ham United,Aston Villa,away,0,2,41,9,6,381,80,0,0,13,7,48,0.47
4813677,2026-03-21,Brighton & Hove Albion,Liverpool,home,2,1,47,16,9,422,77,5,3,7,11,43,2.51
4813677,2026-03-21,Liverpool,Brighton & Hove Albion,away,1,2,53,12,8,481,79,1,0,7,11,57,0.94
4813678,2026-03-21,Everton,Chelsea,home,3,0,37,10,10,427,79,2,1,6,6,52,1.27
4813678,2026-03-21,Chelsea,Everton,away,0,3,63,12,8,734,87,2,2,7,7,48,1.05
4813679,2026-03-21,Fulham,Burnley,home,3,1,56,22,12,562,83,4,2,7,6,61,2.59
4813679,2026-03-21,Burnley,Fulham,away,1,3,44,9,8,448,80,4,3,9,9,39,1.7
4813680,2026-03-21,Leeds United,Brentford,home,0,0,57,14,11,525,75,0,0,3,6,47,0.47
4813680,2026-03-21,Brentford,Leeds United,away,0,0,43,6,3,404,66,0,0,11,9,53,0.29
4813681,2026-03-21,Manchester City,Crystal Palace,home,3,0,72,15,7,787,88,3,0,4,10,50,1.67
4813681,2026-03-21,Crystal Palace,Manchester City,away,0,3,28,6,4,302,75,0,0,4,7,50,0.43
4813682,2026-03-21,Newcastle United,Sunderland,home,1,2,60,16,8,449,80,1,0,10,8,49,1.08
4813682,2026-03-21,Sunderland,Newcastle United,away,2,1,40,17,12,305,67,3,1,7,19,51,2.48
4813683,2026-03-21,Tottenham Hotspur,Nottingham Forest,home,0,3,59,14,9,514,76,3,3,5,13,58,1.4
4813683,2026-03-21,Nottingham Forest,Tottenham Hotspur,away,3,0,41,8,8,360,74,3,1,9,13,42,1.15
4813684,2026-03-21,Wolverhampton Wanderers,Arsenal,home,2,2,44,5,2,408,71,1,0,4,6,37,0.42
4813684,2026-03-21,Arsenal,Wolverhampton Wanderers,away,2,2,56,10,6,526,79,3,1,0,8,63,1.68
4813685,2026-04-11,Arsenal,AFC Bournemouth,home,1,2,53,15,11,448,77,5,4,3,12,46,3.0
4813685,2026-04-11,AFC Bournemouth,Arsenal,away,2,1,47,8,5,399,78,2,0,9,18,54,1.32
4813686,2026-04-11,Brentford,Everton,home,2,2,54,17,10,500,80,4,3,9,6,53,2.33
4813686,2026-04-11,Everton,Brentford,away,2,2,46,14,11,421,76,2,1,7,7,47,1.5
4813687,2026-04-11,Burnley,Brighton & Hove Albion,home,0,2,51,10,7,528,80,1,1,8,7,46,0.72
4813687,2026-04-11,Brighton & Hove Albion,Burnley,away,2,0,49,13,10,505,82,1,1,6,11,54,1.19
4813688,2026-04-11,Chelsea,Manchester City,home,0,3,38,12,8,434,84,1,1,11,10,40,0.84
4813688,2026-04-11,Manchester City,Chelsea,away,3,0,62,18,14,723,90,3,0,8,15,60,2.1
4813689,2026-04-11,Crystal Palace,Newcastle United,home,2,1,41,11,8,419,79,4,2,5,17,50,2.27
4813689,2026-04-11,Newcastle United,Crystal Palace,away,1,2,59,7,6,597,78,2,1,6,12,50,1.28
4813690,2026-04-11,Liverpool,Fulham,home,2,0,53,18,11,557,85,3,3,12,10,44,1.68
4813690,2026-04-11,Fulham,Liverpool,away,0,2,47,19,12,488,83,2,2,9,4,56,1.38
4813691,2026-04-11,Manchester United,Leeds United,home,1,2,53,20,15,545,82,1,0,9,12,59,1.21
4813691,2026-04-11,Leeds United,Manchester United,away,2,1,47,15,11,488,81,4,4,14,15,41,2.35
4813692,2026-04-11,Nottingham Forest,Aston Villa,home,1,1,40,16,10,366,79,1,1,5,15,57,0.86
4813692,2026-04-11,Aston Villa,Nottingham Forest,away,1,1,60,12,5,538,86,3,3,9,10,43,1.48
4813693,2026-04-11,Sunderland,Tottenham Hotspur,home,1,0,52,13,5,439,76,3,3,8,14,52,1.15
4813693,2026-04-11,Tottenham Hotspur,Sunderland,away,0,1,48,11,8,409,80,1,1,4,15,48,0.71
4813694,2026-04-11,West Ham United,Wolverhampton Wanderers,home,4,0,44,18,11,400,80,6,3,7,11,47,2.47
4813694,2026-04-11,Wolverhampton Wanderers,West Ham United,away,0,4,56,14,6,501,83,0,0,7,7,53,0.49
4813695,2026-04-18,Aston Villa,Sunderland,home,4,3,50,15,10,435,83,7,3,5,11,48,3.06
4813695,2026-04-18,Sunderland,Aston Villa,away,3,4,50,10,8,438,81,3,1,6,11,52,1.42
4813696,2026-04-18,Brentford,Fulham,home,0,0,48,13,7,441,77,4,4,5,8,47,1.99
4813696,2026-04-18,Fulham,Brentford,away,0,0,52,11,6,475,80,1,1,6,13,53,0.71
4813697,2026-04-18,Chelsea,Manchester United,home,0,1,58,21,16,647,87,0,0,3,12,43,1.35
4813697,2026-04-18,Manchester United,Chelsea,away,1,0,42,4,3,462,82,1,0,16,13,57,0.46
4813698,2026-04-18,Crystal Palace,West Ham United,home,0,0,54,9,2,506,78,1,1,6,13,43,0.67
4813698,2026-04-18,West Ham United,Crystal Palace,away,0,0,46,9,6,423,71,1,1,3,12,57,0.7
4813699,2026-04-18,Everton,Liverpool,home,1,2,44,10,5,415,75,2,1,8,8,62,0.98
4813699,2026-04-18,Liverpool,Everton,away,2,1,56,14,10,534,82,2,0,4,12,38,1.25
4813700,2026-04-18,Leeds United,Wolverhampton Wanderers,home,3,0,57,17,10,516,77,7,4,5,9,39,3.79
4813700,2026-04-18,Wolverhampton Wanderers,Leeds United,away,0,3,43,7,5,396,71,2,2,7,17,61,0.67
4813701,2026-04-18,Manchester City,Arsenal,home,2,1,58,15,10,536,83,5,3,5,5,56,2.41
4813701,2026-04-18,Arsenal,Manchester City,away,1,2,42,9,6,383,74,5,4,8,12,44,1.77
4813702,2026-04-18,Newcastle United,AFC Bournemouth,home,1,2,54,12,8,484,78,2,1,4,11,46,1.5
4813702,2026-04-18,AFC Bournemouth,Newcastle United,away,2,1,46,12,6,420,73,4,2,8,12,54,3.01
4813703,2026-04-18,Nottingham Forest,Burnley,home,4,1,52,10,6,527,79,2,0,3,8,53,1.15
4813703,2026-04-18,Burnley,Nottingham Forest,away,1,4,48,4,4,493,80,1,0,2,12,47,0.45
4813704,2026-04-18,Tottenham Hotspur,Brighton & Hove Albion,home,2,2,42,13,9,359,78,3,2,4,14,51,1.34
4813704,2026-04-18,Brighton & Hove Albion,Tottenham Hotspur,away,2,2,58,10,6,488,81,2,2,7,14,49,0.82
4813705,2026-04-25,AFC Bournemouth,Leeds United,home,2,2,60,18,13,534,76,4,2,4,6,44,1.87
4813705,2026-04-25,Leeds United,AFC Bournemouth,away,2,2,40,10,5,358,72,1,1,10,10,56,0.82
4813706,2026-04-25,Arsenal,Newcastle United,home,1,0,45,11,9,432,79,0,0,8,13,47,0.54
4813706,2026-04-25,Newcastle United,Arsenal,away,0,1,55,13,8,521,83,1,1,8,10,53,0.78
4813707,2026-04-25,Brighton & Hove Albion,Chelsea,home,3,0,53,15,11,574,83,5,2,4,15,56,2.24
4813707,2026-04-25,Chelsea,Brighton & Hove Albion,away,0,3,47,6,4,514,82,0,0,8,6,44,0.39
4813708,2026-04-25,Burnley,Manchester City,home,0,1,35,9,5,380,78,1,1,17,10,46,0.86
4813708,2026-04-25,Manchester City,Burnley,away,1,0,65,28,19,718,89,4,3,5,12,54,3.09
4813709,2026-04-25,Fulham,Aston Villa,home,1,0,39,13,11,366,80,2,1,2,14,59,1.29
4813709,2026-04-25,Aston Villa,Fulham,away,0,1,61,10,2,577,83,1,1,10,12,41,0.99
4813710,2026-04-25,Liverpool,Crystal Palace,home,3,1,53,9,7,491,80,3,0,6,10,52,1.38
4813710,2026-04-25,Crystal Palace,Liverpool,away,1,3,47,14,8,436,79,5,5,4,10,48,1.78
4813711,2026-04-25,Manchester United,Brentford,home,2,1,45,11,6,442,80,4,2,9,6,67,1.63
4813711,2026-04-25,Brentford,Manchester United,away,1,2,55,12,8,544,83,2,2,4,9,33,1.07
4813712,2026-04-25,Sunderland,Nottingham Forest,home,0,5,61,15,12,479,79,0,0,4,13,52,0.61
4813712,2026-04-25,Nottingham Forest,Sunderland,away,5,0,39,10,8,308,70,3,0,11,15,48,1.39
4813713,2026-04-25,West Ham United,Everton,home,2,1,44,10,6,409,79,3,1,7,9,49,1.62
4813713,2026-04-25,Everton,West Ham United,away,1,2,56,11,8,524,81,1,1,4,11,51,1.25
4813714,2026-04-25,Wolverhampton Wanderers,Tottenham Hotspur,home,0,1,42,11,6,363,74,1,1,3,8,47,0.66
4813714,2026-04-25,Tottenham Hotspur,Wolverhampton Wanderers,away,1,0,58,11,4,500,83,1,0,6,14,53,0.85
4813715,2026-05-02,AFC Bournemouth,Crystal Palace,home,3,0,50,16,11,432,80,2,0,3,10,59,1.82
4813715,2026-05-02,Crystal Palace,AFC Bournemouth,away,0,3,50,8,3,438,76,1,1,9,11,41,0.67
4813716,2026-05-02,Arsenal,Fulham,home,3,0,54,18,12,537,88,6,4,7,7,46,3.26
4813716,2026-05-02,Fulham,Arsenal,away,0,3,46,10,7,461,81,0,0,9,12,54,0.39
4813717,2026-05-02,Aston Villa,Tottenham Hotspur,home,1,2,45,5,4,410,81,1,1,5,12,51,0.49
4813717,2026-05-02,Tottenham Hotspur,Aston Villa,away,2,1,55,10,7,497,86,2,1,3,12,49,0.88
4813718,2026-05-02,Brentford,West Ham United,home,3,0,48,14,9,371,77,4,3,4,8,48,1.91
4813718,2026-05-02,West Ham United,Brentford,away,0,3,52,14,5,399,75,1,1,7,12,52,0.87
4813719,2026-05-02,Chelsea,Nottingham Forest,home,1,3,67,21,13,716,88,2,1,1,12,51,2.21
4813719,2026-05-02,Nottingham Forest,Chelsea,away,3,1,33,6,5,354,79,3,0,12,10,49,2.08
4813720,2026-05-02,Everton,Manchester City,home,3,3,25,14,12,231,68,4,1,10,15,44,2.09
4813720,2026-05-02,Manchester City,Everton,away,3,3,75,21,13,677,88,1,0,9,5,56,1.36
4813721,2026-05-02,Leeds United,Burnley,home,3,1,47,18,13,488,77,2,0,5,12,48,1.59
4813721,2026-05-02,Burnley,Leeds United,away,1,3,53,9,7,544,83,0,0,10,12,52,0.38
4813722,2026-05-02,Manchester United,Liverpool,home,3,2,37,18,12,385,79,3,2,6,12,57,2.23
4813722,2026-05-02,Liverpool,Manchester United,away,2,3,63,13,8,650,87,1,0,9,11,43,1.04
4813723,2026-05-02,Newcastle United,Brighton & Hove Albion,home,3,1,33,13,7,274,69,5,3,6,10,62,2.39
4813723,2026-05-02,Brighton & Hove Albion,Newcastle United,away,1,3,67,13,7,569,80,4,3,5,12,38,1.63
4813724,2026-05-02,Wolverhampton Wanderers,Sunderland,home,1,1,57,20,12,486,84,3,2,6,11,52,1.96
4813724,2026-05-02,Sunderland,Wolverhampton Wanderers,away,1,1,43,10,7,363,73,1,0,10,11,48,0.84
4813725,2026-05-09,Brighton & Hove Albion,Wolverhampton Wanderers,home,3,0,71,14,9,629,84,4,1,1,9,56,1.45
4813725,2026-05-09,Wolverhampton Wanderers,Brighton & Hove Albion,away,0,3,29,5,1,251,68,2,2,4,11,44,0.74
4813726,2026-05-09,Burnley,Aston Villa,home,2,2,34,15,11,295,71,3,2,10,18,56,1.68
4813726,2026-05-09,Aston Villa,Burnley,away,2,2,66,18,12,579,83,3,2,9,8,44,1.62
4813727,2026-05-09,Crystal Palace,Everton,home,2,2,59,21,13,507,81,6,5,7,5,43,2.81
4813727,2026-05-09,Everton,Crystal Palace,away,2,2,41,13,10,355,70,4,2,11,13,57,1.6
4813728,2026-05-09,Fulham,AFC Bournemouth,home,0,1,60,14,8,568,84,1,1,6,12,57,1.09
4813728,2026-05-09,AFC Bournemouth,Fulham,away,1,0,40,10,7,382,84,1,1,8,21,43,0.85
4813729,2026-05-09,Liverpool,Chelsea,home,1,1,48,8,4,514,83,1,1,3,17,44,0.55
4813729,2026-05-09,Chelsea,Liverpool,away,1,1,52,6,4,547,86,1,1,3,17,56,0.57
4813730,2026-05-09,Manchester City,Brentford,home,3,0,59,25,18,518,84,6,5,3,8,56,3.94
4813730,2026-05-09,Brentford,Manchester City,away,0,3,41,4,3,362,74,1,1,14,14,44,0.44
4813731,2026-05-09,Nottingham Forest,Newcastle United,home,1,1,46,17,12,456,80,2,1,9,16,43,1.2
4813731,2026-05-09,Newcastle United,Nottingham Forest,away,1,1,54,16,10,531,84,3,2,11,11,57,1.55
4813732,2026-05-09,Sunderland,Manchester United,home,0,0,51,15,9,523,82,2,2,6,12,57,1.32
4813732,2026-05-09,Manchester United,Sunderland,away,0,0,49,11,6,508,81,0,0,9,12,43,0.45
4813733,2026-05-09,Tottenham Hotspur,Leeds United,home,1,1,57,16,8,482,77,1,1,4,12,53,1.16
4813733,2026-05-09,Leeds United,Tottenham Hotspur,away,1,1,43,11,5,366,70,2,1,7,7,47,1.47
4813734,2026-05-09,West Ham United,Arsenal,home,0,1,37,9,7,317,64,2,2,8,14,65,1.06
4813734,2026-05-09,Arsenal,West Ham United,away,1,0,63,15,9,541,81,3,3,7,12,35,1.26
4813735,2026-05-17,AFC Bournemouth,Manchester City,home,1,1,46,10,5,487,79,3,3,10,16,40,1.58
4813735,2026-05-17,Manchester City,AFC Bournemouth,away,1,1,54,14,11,570,84,1,1,4,7,60,1.24
4813736,2026-05-17,Arsenal,Burnley,home,1,0,61,13,6,553,85,1,0,1,7,50,1.0
4813736,2026-05-17,Burnley,Arsenal,away,0,1,39,5,1,358,78,0,0,5,16,50,0.23
4813737,2026-05-17,Aston Villa,Liverpool,home,4,2,45,14,12,399,80,5,3,6,12,49,2.56
4813737,2026-05-17,Liverpool,Aston Villa,away,2,4,55,16,8,485,84,3,1,8,9,51,1.26
4813738,2026-05-17,Brentford,Crystal Palace,home,2,2,58,14,6,514,77,1,0,9,7,53,1.55
4813738,2026-05-17,Crystal Palace,Brentford,away,2,2,42,16,11,377,65,2,1,4,5,47,1.68
4813739,2026-05-17,Chelsea,Tottenham Hotspur,home,2,1,44,9,6,465,82,1,0,3,11,47,0.89
4813739,2026-05-17,Tottenham Hotspur,Chelsea,away,1,2,56,9,4,584,86,4,3,4,18,53,1.51
4813740,2026-05-17,Everton,Sunderland,home,1,3,48,10,6,449,82,2,2,0,14,56,1.03
4813740,2026-05-17,Sunderland,Everton,away,3,1,52,7,3,493,82,2,0,5,9,44,0.92
4813741,2026-05-17,Leeds United,Brighton & Hove Albion,home,1,0,34,7,4,322,63,1,0,13,9,49,0.52
4813741,2026-05-17,Brighton & Hove Albion,Leeds United,away,0,1,66,19,13,616,82,3,3,4,7,51,2.38
4813742,2026-05-17,Manchester United,Nottingham Forest,home,3,2,48,29,20,470,86,7,5,5,11,50,3.68
4813742,2026-05-17,Nottingham Forest,Manchester United,away,2,3,52,11,7,514,82,4,2,17,5,50,1.79
4813743,2026-05-17,Newcastle United,West Ham United,home,3,1,55,15,13,559,81,3,0,11,8,46,1.71
4813743,2026-05-17,West Ham United,Newcastle United,away,1,3,45,15,12,451,81,1,1,10,11,54,0.95
4813744,2026-05-17,Wolverhampton Wanderers,Fulham,home,1,1,32,11,3,294,67,3,3,7,20,45,1.26
4813744,2026-05-17,Fulham,Wolverhampton Wanderers,away,1,1,68,13,8,635,84,2,1,2,8,55,1.35
4813745,2026-05-24,Brighton & Hove Albion,Manchester United,home,0,3,52,13,7,526,84,0,0,6,11,54,0.72
4813745,2026-05-24,Manchester United,Brighton & Hove Albion,away,3,0,48,11,8,476,82,4,1,5,8,46,1.98
4813746,2026-05-24,Burnley,Wolverhampton Wanderers,home,1,1,70,16,14,617,84,2,2,9,10,52,1.04
4813746,2026-05-24,Wolverhampton Wanderers,Burnley,away,1,1,30,16,11,266,70,4,3,13,11,48,2.53
4813747,2026-05-24,Crystal Palace,Arsenal,home,1,2,40,8,5,366,77,3,2,9,9,45,1.02
4813747,2026-05-24,Arsenal,Crystal Palace,away,2,1,60,17,11,554,87,7,7,3,12,55,3.08
4813748,2026-05-24,Fulham,Newcastle United,home,2,0,45,21,12,451,81,1,0,4,13,55,1.26
4813748,2026-05-24,Newcastle United,Fulham,away,0,2,55,7,4,547,86,0,0,10,6,45,0.29
4813749,2026-05-24,Liverpool,Brentford,home,1,1,60,24,16,553,83,4,3,4,9,48,2.41
4813749,2026-05-24,Brentford,Liverpool,away,1,1,40,11,5,366,76,3,2,15,9,52,1.55
4813750,2026-05-24,Manchester City,Aston Villa,home,1,2,53,16,9,517,87,2,1,5,8,42,1.17
4813750,2026-05-24,Aston Villa,Manchester City,away,2,1,47,12,7,460,90,4,2,8,4,58,2.01
4813751,2026-05-24,Nottingham Forest,AFC Bournemouth,home,1,1,45,15,10,428,76,4,4,10,11,46,1.85
4813751,2026-05-24,AFC Bournemouth,Nottingham Forest,away,1,1,55,17,11,531,82,1,1,8,7,54,1.15
4813752,2026-05-24,Sunderland,Chelsea,home,2,1,44,21,13,386,78,2,2,4,15,47,1.61
4813752,2026-05-24,Chelsea,Sunderland,away,1,2,56,9,6,487,82,2,2,13,12,53,0.97
4813753,2026-05-24,Tottenham Hotspur,Everton,home,1,0,50,20,11,421,81,3,2,4,15,53,1.49
4813753,2026-05-24,Everton,Tottenham Hotspur,away,0,1,50,10,4,429,79,0,0,9,18,47,0.42
4813754,2026-05-24,West Ham United,Leeds United,home,3,0,42,16,12,361,72,4,3,7,11,46,2.34
4813754,2026-05-24,Leeds United,West Ham United,away,0,3,58,13,7,493,80,2,2,8,14,54,1.64
